upload_property_id,branch_ifsc_code,property_number,type_id,territory,possession_of_the_property,title_clear_property,is_stressed,is_available_for_sale,sale_availability_date,saleable_area,carpet_area,ready_reckoner_price,expected_price,market_price,distress_value,completion_date,purchase_date,mortgage_date,is_sold,status,landmark,flat_number,plot_number,building_name,society_name,locality,city,state,country,PIN
1,BKID00001,ABC1021,1,gram panchayat limit,Legally attached,1,1,1,2024-02-24,1200,1100,1100000,1400000,1200000,1200000,2024-05-17,2024-02-13,2023-03-22,0,1,1,309,11,Bwing,Platinum,Rural,Pune,Maharashtra,India,411028  
2,BKID00001,P-966,1,gram panchayat limit,Legally attached,1,1,1,2024-02-24,1000,700,900000,1400000,1100000,1200000,2024-05-17,2024-02-03,2023-03-17,0,1,1,303,10,A wing,Platinum,Rural,Pune,Maharashtra,India,411004   
3,BKID00001,P-944,1,gram panchayat limit,Legally attached,1,1,1,2024-02-18,11400,11000,1000000,1400000,1100000,1200000,2024-05-17,2024-02-03,2023-03-17,0,1,1,303,10,A wing,Platinum,Rural,Pune,Maharashtra,India,411004 
4,BKID00001,P-970,3,gram panchayat limit,Legally attached,1,1,1,2024-02-29,14000,11000,1000000,1400000,1100000,1200000,2024-05-17,2024-02-03,2023-03-17,0,1,1,303,10,A wing,Platinum,Rural,Pune,Maharashtra,India,411004


