document_type_id,description,document_url,upload_property_id
16,property image,PropertyUploadFolder/Documents/Property image 1.jpg,1
16,property image,PropertyUploadFolder/Documents/Property image 6.jpg,1
16,property image,PropertyUploadFolder/Documents/Property image 5.jpg,1
16,property image,PropertyUploadFolder/Documents/Property image 1.jpg,4
16,property image,PropertyUploadFolder/Documents/Property image 6.jpg,4
16,property image,PropertyUploadFolder/Documents/Property image 5.jpg,4
